datetime,source,specific_source,risk score
2025-06-23 08:52:00,News,Yahoo Finance,3
2025-06-23 09:00:00,News,Etfdailynews,4
2025-06-23 09:00:00,News,Fool,4
2025-06-23 09:00:00,News,Investopedia,4
2025-06-23 09:00:00,News,Investopedia,3
2025-06-23 09:00:00,News,Yahoo Finance,4
2025-06-23 09:00:00,News,Fool,4
2025-06-23 09:00:00,News,Fool,4
2025-06-23 09:00:00,News,Etfdailynews,3
2025-06-23 09:00:00,News,Fool,4
2025-06-23 09:00:00,News,Fool,4
2025-06-23 09:00:00,News,Fool,4
2025-06-23 09:00:00,News,Barchart,3
2025-06-23 09:00:00,News,Etfdailynews,3
2025-06-23 09:00:00,News,Etfdailynews,4
2025-06-23 09:00:00,News,Etfdailynews,3
2025-06-23 09:00:00,News,Etfdailynews,3
2025-06-23 09:00:00,News,Investopedia,3
2025-06-23 09:00:00,News,Etfdailynews,3
2025-06-23 09:00:00,News,Etfdailynews,3
2025-06-23 09:00:00,News,Etfdailynews,3
2025-06-23 09:00:00,News,Etfdailynews,4
2025-06-23 09:00:00,News,Etfdailynews,3
2025-06-23 09:00:00,News,Etfdailynews,3
2025-06-23 09:00:00,News,Etfdailynews,3
2025-06-23 09:00:00,News,Etfdailynews,3
2025-06-23 09:00:00,News,Etfdailynews,3
2025-06-23 09:00:00,News,Forbes,4
2025-06-23 09:00:00,News,Etfdailynews,3
2025-06-23 09:00:00,News,Investopedia,1
2025-06-23 09:00:00,News,Etfdailynews,4
2025-06-23 09:00:00,News,Fool,4
2025-06-23 09:00:00,News,Fool,4
2025-06-23 09:00:00,News,Investopedia,3
2025-06-23 09:00:00,News,Fool,4
2025-06-23 09:00:00,News,Fool,4
2025-06-23 09:00:00,News,Barchart,3
2025-06-23 09:00:00,News,Fool,3
2025-06-23 09:00:00,News,Fool,4
2025-06-23 09:00:00,News,Forbes,4
2025-06-23 09:00:00,News,Barchart,3
2025-06-23 09:00:00,News,Barchart,3
2025-06-23 09:00:00,News,Etfdailynews,3
2025-06-23 09:00:00,News,Etfdailynews,4
2025-06-23 09:00:00,News,Etfdailynews,3
2025-06-23 09:00:00,News,Etfdailynews,3
2025-06-23 09:00:00,News,Fool,4
2025-06-23 09:00:00,News,Etfdailynews,3
2025-06-23 09:00:00,News,Fool,3
2025-06-23 09:00:00,News,Etfdailynews,3
2025-06-23 09:00:00,News,Fool,4
2025-06-23 09:00:00,News,Etfdailynews,3
2025-06-23 09:00:00,News,Etfdailynews,3
2025-06-23 09:00:00,News,Etfdailynews,3
2025-06-23 09:00:00,News,Fool,4
2025-06-23 09:00:00,News,Etfdailynews,4
2025-06-23 09:00:00,News,Etfdailynews,3
2025-06-23 09:00:00,News,Etfdailynews,4
2025-06-23 09:00:00,News,Etfdailynews,4
2025-06-23 09:00:00,News,Yahoo Finance,3
2025-06-23 09:00:00,News,Etfdailynews,3
2025-06-23 09:00:00,News,Etfdailynews,4
2025-06-23 09:01:53,News,Yahoo Finance,5
2025-06-23 09:42:17,News,Yahoo Finance,4
2025-06-23 09:44:00,News,Yahoo Finance,3
2025-06-23 10:00:00,News,Investopedia,5
2025-06-23 10:00:31,News,Yahoo Finance,3
2025-06-23 10:13:07,News,Investopedia,1
2025-06-23 11:26:00,News,Yahoo Finance,3
2025-06-23 11:37:18,News,Yahoo Finance,4
2025-06-23 11:49:34,News,Yahoo Finance,1
2025-06-23 11:58:25,News,Investopedia,4
2025-06-23 12:00:33,News,Yahoo Finance,1
2025-06-23 12:39:45,News,Investopedia,3
2025-06-23 12:52:10,News,Investopedia,5
2025-06-23 12:53:00,News,Yahoo Finance,3
2025-06-23 12:57:59,News,Yahoo Finance,1
2025-06-23 13:00:00,News,Yahoo Finance,4
2025-06-23 13:11:00,News,Yahoo Finance,3
2025-06-23 13:24:06,News,Yahoo Finance,1
2025-06-23 13:45:00,News,Yahoo Finance,4
2025-06-23 13:54:00,News,Yahoo Finance,3
2025-06-23 14:21:27,News,Investopedia,1
2025-06-23 14:33:00,News,Yahoo Finance,4
2025-06-23 14:50:00,News,Yahoo Finance,3
2025-06-23 15:26:34,News,Investopedia,3
2025-06-23 15:53:47,News,Investopedia,3
2025-06-23 15:54:34,News,Yahoo Finance,3
2025-06-23 16:16:03,News,Yahoo Finance,3
2025-06-23 16:19:41,News,Yahoo Finance,3
2025-06-23 16:33:00,News,Fool,4
2025-06-23 16:50:55,News,Barchart,3
2025-06-23 18:11:33,News,Investopedia,3
2025-06-23 18:15:43,News,Investopedia,3
2025-06-23 18:54:45,News,Yahoo Finance,5
2025-06-23 19:09:53,Reddit,stocks,3
2025-06-23 19:11:28,News,Yahoo Finance,3
2025-06-23 19:45:00,News,Thestreet,3
2025-06-23 19:53:00,News,Yahoo Finance,3
2025-06-23 20:00:06,News,Yahoo Finance,3
2025-06-23 20:08:14,News,Investopedia,3
2025-06-23 20:16:45,News,Investopedia,3
2025-06-23 20:27:59,News,Investopedia,2
2025-06-23 20:31:41,News,Barchart,3
2025-06-23 20:53:40,News,Investopedia,4
2025-06-23 20:58:23,News,Investopedia,1
2025-06-23 21:04:53,News,Investopedia,4
2025-06-23 21:07:42,News,Investopedia,4
2025-06-23 21:31:41,News,Investopedia,3
2025-06-23 21:47:03,News,Investopedia,3
